total,link,titlehttp://www.asia.si.edu/,/,Homehttp://www.asia.si.edu/about/default.asp,/about/default.asp,About Ushttp://www.asia.si.edu/press/default.asp,/press/default.asp,Presshttp://www.asia.si.edu/about/contactus.asp,/about/contactus.asp,Contacthttp://www.asia.si.edu/visit/default.asp,/visit/default.asp,PLAN YOUR VISIThttp://www.asia.si.edu/exhibitions/default.asp,/exhibitions/default.asp,EXHIBITIONShttp://www.asia.si.edu/events/default.asp,/events/default.asp,EVENTShttp://www.asia.si.edu/collections/default.asp,/collections/default.asp,COLLECTIONShttp://www.asia.si.edu/explore/default.asp,/explore/default.asp,EXPLORE + LEARNhttp://www.asia.si.edu/research/default.asp,/research/default.asp,RESEARCHhttp://www.asia.si.edu/support/default.asp,/support/default.asp,SUPPORT F|Shttp://www.asia.si.edu/connect/,/connect/,CONNECThttp://www.asia.si.edu/visit/default.asp,/visit/default.asp,Overviewhttp://www.asia.si.edu/visit/maps.asp,/visit/maps.asp,Maps and directionshttp://www.asia.si.edu/visit/families.asp,/visit/families.asp,Family programshttp://www.asia.si.edu/visit/schooltours.asp,/visit/schooltours.asp,Experiences for schoolshttp://www.asia.si.edu/visit/grouptours.asp,/visit/grouptours.asp,Experiences for adultshttp://www.asia.si.edu/events/tours.asp,/events/tours.asp,Walk-in Tourshttp://www.asia.si.edu/exhibitions/default.asp,/exhibitions/default.asp,Overviewhttp://www.asia.si.edu/exhibitions/current.asp,/exhibitions/current.asp,Current exhibitionshttp://www.asia.si.edu/exhibitions/future.asp,/exhibitions/future.asp,Future exhibitionshttp://www.asia.si.edu/exhibitions/past.asp,/exhibitions/past.asp,Past exhibitionshttp://www.asia.si.edu/exhibitions/online.asp,/exhibitions/online.asp,Online featureshttp://www.asia.si.edu/events/default.asp,/events/default.asp,Overviewhttp://www.asia.si.edu/events/allevents.asp,/events/allevents.asp,All eventshttp://www.asia.si.edu/events/films.asp,/events/films.asp,Filmshttp://www.asia.si.edu/events/performances.asp,/events/performances.asp,Performanceshttp://www.asia.si.edu/events/tours.asp,/events/tours.asp,Tourshttp://www.asia.si.edu/events/lectures.asp,/events/lectures.asp,Talks and Lectureshttp://www.asia.si.edu/events/workshops.asp,/events/workshops.asp,Workshopshttp://www.asia.si.edu/events/families.asp,/events/families.asp,Kids & Familieshttp://www.asia.si.edu/events/youngvisionary.asp,/events/youngvisionary.asp,Young & Visionaryhttp://www.asia.si.edu/events/galas.asp,/events/galas.asp,Galashttp://www.asia.si.edu/research/symposia.asp,/research/symposia.asp,Symposiahttp://www.asia.si.edu/store/,/store/,Shophttp://www.asia.si.edu/explore/default.asp,/explore/default.asp,Overviewhttp://www.asia.si.edu/explore/listByArea.asp?browseTopic=0,/explore/listByArea.asp?browseTopic=0,American arthttp://www.asia.si.edu/explore/listByArea.asp?browseTopic=5,/explore/listByArea.asp?browseTopic=5,Chinese arthttp://www.asia.si.edu/explore/listByArea.asp?browseTopic=7,/explore/listByArea.asp?browseTopic=7,Japanese arthttp://www.asia.si.edu/explore/listByArea.asp,/explore/listByArea.asp,More Â»http://www.asia.si.edu/explore/teacherResources.asp,/explore/teacherResources.asp,Educatorshttp://www.asia.si.edu/explore/kidsAndFamilies.asp,/explore/kidsAndFamilies.asp,Kids & Familieshttp://www.asia.si.edu/collections/default.asp,/collections/default.asp,Introductionhttp://www.asia.si.edu/collections/search.cfm,/collections/search.cfm,Search collectionshttp://www.asia.si.edu/collections/new-acquisitions/default.asp,/collections/new-acquisitions/default.asp,New Acquisitionshttp://www.asia.si.edu/collections/american.asp,/collections/american.asp,American Arthttp://www.asia.si.edu/collections/egyptian.asp,/collections/egyptian.asp,Ancient Egyptian Arthttp://www.asia.si.edu/collections/ancientNearEast.asp,/collections/ancientNearEast.asp,Ancient Near Eastern Arthttp://www.asia.si.edu/collections/islamic.asp,/collections/islamic.asp,Arts of the Islamic Worldhttp://www.asia.si.edu/collections/biblical.asp,/collections/biblical.asp,Biblical Manuscriptshttp://www.asia.si.edu/collections/chinese.asp,/collections/chinese.asp,Chinese Arthttp://www.asia.si.edu/collections/japanese.asp,/collections/japanese.asp,Japanese Arthttp://www.asia.si.edu/collections/korean.asp,/collections/korean.asp,Korean Arthttp://www.asia.si.edu/collections/southAsian.asp,/collections/southAsian.asp,South Asian and Himalayan Arthttp://www.asia.si.edu/collections/southeastAsia.asp,/collections/southeastAsia.asp,Southeast Asian Arthttp://www.asia.si.edu/research/default.asp,/research/default.asp,Overviewhttp://www.asia.si.edu/research/museum-research.asp,/research/museum-research.asp,Museum Researchhttp://www.asia.si.edu/research/dcsr/default.asp,/research/dcsr/default.asp,Conservation & Scientific Researchhttp://www.asia.si.edu/research/fellowships.asp,/research/fellowships.asp,Fellowships & Internshipshttp://www.asia.si.edu/research/scholarly-programs.asp,/research/scholarly-programs.asp,Scholarly Programshttp://www.asia.si.edu/research/resources.asp,/research/resources.asp,Resources For Researchershttp://www.asia.si.edu/research/publications.asp,/research/publications.asp,Publications http://www.asia.si.edu/support/default.asp,/support/default.asp,Overviewhttp://www.asia.si.edu/support/friends.asp,/support/friends.asp,Friends of the Freer|Sacklerhttp://www.asia.si.edu/support/silkroadsociety.asp,/support/silkroadsociety.asp,Silk Road Societyhttp://www.asia.si.edu/support/donate.asp,/support/donate.asp,Make a donationhttp://www.asia.si.edu/support/volunteer.asp,/support/volunteer.asp,Volunteerhttp://www.asia.si.edu/support/hostingEvents.asp,/support/hostingEvents.asp,Host your eventhttp://www.asia.si.edu#maincontent#mainnav#subnavaccessibility.asp,"#maincontent,#mainnav,#subnav,accessibility.asp","Jump to Content,Jump to Main Navigation,Jump to Sub Navigation,Accessibility options""http://asia.si.edu/events/allevents.asp?trumbaEmbed=view%3Dseries%26seriesid%3D481291&utm_source=website&utm_medium=homepagebanner&utm_campaign=cherryblossom15,http://asia.si.edu/exhibitions/current/zen-tea-chinese-art.asp?utm_source=website&utm_medium=homepagebanner&utm_campaign=zentea,http://asia.si.edu/exhibitions/current/oribe-ware.asp/?utm_source=website&utm_medium=homepagebanner&utm_campaign=oribe,http://asia.si.edu/nastaliq/?utm_source=website&utm_medium=homepagebanner&utm_campaign=nastaliq,http://asia.si.edu/collections/edan/default.cfm?utm_source=website&utm_medium=homepagebanner&utm_campaign=openfs,http://asia.si.edu/travelerseye/?utm_source=website&utm_medium=homepagebanner&utm_campaign=travelerseye,http://asia.si.edu/unearthingarabia/?utm_source=website&utm_medium=homepagebanner&utm_campaign=unearthingarabia","http://asia.si.edu/events/allevents.asp?trumbaEmbed=view%3Dseries%26seriesid%3D481291&utm_source=website&utm_medium=homepagebanner&utm_campaign=cherryblossom15,http://asia.si.edu/exhibitions/current/zen-tea-chinese-art.asp?utm_source=website&utm_medium=homepagebanner&utm_campaign=zentea,http://asia.si.edu/exhibitions/current/oribe-ware.asp/?utm_source=website&utm_medium=homepagebanner&utm_campaign=oribe,http://asia.si.edu/nastaliq/?utm_source=website&utm_medium=homepagebanner&utm_campaign=nastaliq,http://asia.si.edu/collections/edan/default.cfm?utm_source=website&utm_medium=homepagebanner&utm_campaign=openfs,http://asia.si.edu/travelerseye/?utm_source=website&utm_medium=homepagebanner&utm_campaign=travelerseye,http://asia.si.edu/unearthingarabia/?utm_source=website&utm_medium=homepagebanner&utm_campaign=unearthingarabia",http://www.asia.si.edu/exhibitions/current/seasonal-landscapes-japanese-screens.aspexhibitions/current/seasonal-landscapes-japanese-screens.asp,"exhibitions/current/seasonal-landscapes-japanese-screens.asp,exhibitions/current/seasonal-landscapes-japanese-screens.asp",Seasonal Landscapes in Japanese Screenshttp://www.asia.si.edu/visit//visit/,"/visit/,/visit/","General Information, Maps, Directions, School Groups and more""http://asia.si.edu/events/allevents.asp?trumbaEmbed=view%3Dseries%26seriesid%3D481291&utm_source=website&utm_medium=hompagetile&utm_campaign=cherryblossom15,http://asia.si.edu/events/allevents.asp?trumbaEmbed=view%3Dseries%26seriesid%3D481291&utm_source=website&utm_medium=hompagetile&utm_campaign=cherryblossom15","http://asia.si.edu/events/allevents.asp?trumbaEmbed=view%3Dseries%26seriesid%3D481291&utm_source=website&utm_medium=hompagetile&utm_campaign=cherryblossom15,http://asia.si.edu/events/allevents.asp?trumbaEmbed=view%3Dseries%26seriesid%3D481291&utm_source=website&utm_medium=hompagetile&utm_campaign=cherryblossom15",National Cherry Blossom Festival"http://open.asia.si.edu,http://open.asia.si.edu","http://open.asia.si.edu,http://open.asia.si.edu",open.asia.si.eduhttp://www.asia.si.edu/exhibitions//travelerseye//exhibitions/current/yuan-legacy//fineimpressions//unearthingarabia//nastaliq//shiota//explore//collections//exhibitions/current/peacockRoom/pano.asp/podcasts//explore/gartproj.asp/contemporary/,"/exhibitions/,/travelerseye/,/exhibitions/current/yuan-legacy/,/fineimpressions/,/unearthingarabia/,/nastaliq/,/shiota/,/explore/,/collections/,/exhibitions/current/peacockRoom/pano.asp,/podcasts/,/explore/gartproj.asp,/contemporary/","
      ,
      ,The Traveler's Eye,Style in Chinese Landscape Painting,Fine Impressions,Unearthing Arabia,Nasta'liq,Perspectives: Chiharu Shiota,
      ,
      ,Collections Online,Panorama: Peacock Room,Podcasts,Art Project,Contemporary Asian Art"http://www.asia.si.edu/events//events/films.asp/events/performances.asp/events/families.asp,"/events/,/events/films.asp,/events/performances.asp,/events/families.asp","
      ,
      ,Films,Performances,Kids & Family"http://www.asia.si.edu/press//press/http://blog.asia.si.edu//iran-in-photographs/http://pulverer.si.eduhttp://korean-ceramics.asia.si.eduhttp://seasianceramics.asia.si.edu/research/archives.asp/research/library.asp/research/imagePermissions.asp/SongYuan/,"/press/,/press/,http://blog.asia.si.edu/,,/iran-in-photographs/,http://pulverer.si.edu,http://korean-ceramics.asia.si.edu,http://seasianceramics.asia.si.edu,/research/archives.asp,/research/library.asp,/research/imagePermissions.asp,/SongYuan/","
      ,
      ,Press Room,Blog,
      ,
      ,Iran in Photographs,The World of the Japanese Illustrated Book ,Korean Ceramics in the Freer Gallery of Art,Ceramics in Southeast Asia,Archives,Library,Rights and Repro,Song and Yuan Dynasty,
      Painting and Calligraphy"http://www.asia.si.edu/support//support/donate.asphttps://www.asia.si.edu/forms/donateform.php/support/volunteer.asp/support/friends.asp/support/silkroadsociety.asp/collections/http://open.asia.si.edu/collections/singer/missing-objects/collections/new-acquisitions//collections/outgoing-loans//collections/rapid-capture/,"/support/,/support/donate.asp,https://www.asia.si.edu/forms/donateform.php,/support/volunteer.asp,/support/friends.asp,/support/silkroadsociety.asp,/collections/,http://open.asia.si.edu,/collections/singer/missing-objects,/collections/new-acquisitions/,/collections/outgoing-loans/,/collections/rapid-capture/","
      ,
      ,Donate,Annual Fund,Volunteer,Become a Member,Silk Road Society,
      ,
      ,Open F|S,Missing Objects,New Acquisitions,Objects on Loan,Rapid Capture Pilot Project"http://www.asia.si.edu/future/,/future/,Learn more Â»http://blog.asia.si.edu/,http://blog.asia.si.edu/, Bloghttps://support.asia.si.edu/sslpage.aspx?pid=293,https://support.asia.si.edu/sslpage.aspx?pid=293, E-newsletterhttp://www.facebook.com/pages/Washington-DC/Smithsonian-Institution-Freer-Gallery-of-Art-and-Arthur-M-Sackler-Gallery/25288628787,http://www.facebook.com/pages/Washington-DC/Smithsonian-Institution-Freer-Gallery-of-Art-and-Arthur-M-Sackler-Gallery/25288628787, Facebookhttp://www.flickr.com/photos/freersackler/,http://www.flickr.com/photos/freersackler/, Flickrhttp://www.asia.si.edu/podcasts/,/podcasts/, Podcastshttp://twitter.com/FreerSackler,http://twitter.com/FreerSackler, Twitterhttp://www.youtube.com/FreerSackler/,http://www.youtube.com/FreerSackler/, YouTubehttp://www.addthis.com/bookmark.php?v=250&pubid=fsgweb,http://www.addthis.com/bookmark.php?v=250&pubid=fsgweb,"http://www.si.edu/termsofuse/,http://www.si.edu/,/about/contactus.asp,http://www.si.edu/privacy/","http://www.si.edu/termsofuse/,http://www.si.edu/,/about/contactus.asp,http://www.si.edu/privacy/","Copyright,Smithsonian Institution,Contact webmaster,Privacy policy"